{
	"count": 30,
	"recipes": [
		{
			"publisher": "The Pioneer Woman",
			"f2f_url": "http://food2fork.com/view/47024",
			"title": "Perfect Iced Coffee",
			"source_url": "http://thepioneerwoman.com/cooking/2011/06/perfect-iced-coffee/",
			"recipe_id": "47024",
			"image_url": "http://static.food2fork.com/icedcoffee5766.jpg",
			"social_rank": 100.0,
			"publisher_url": "http://thepioneerwoman.com"
		},
		{
			"publisher": "Closet Cooking",
			"f2f_url": "http://food2fork.com/view/35382",
			"title": "Jalapeno Popper Grilled Cheese Sandwich",
			"source_url": "http://www.closetcooking.com/2011/04/jalapeno-popper-grilled-cheese-sandwich.html",
			"recipe_id": "35382",
			"image_url": "http://static.food2fork.com/Jalapeno2BPopper2BGrilled2BCheese2BSandwich2B12B500fd186186.jpg",
			"social_rank": 100.0,
			"publisher_url": "http://closetcooking.com"
		},
		{
			"publisher": "The Pioneer Woman",
			"f2f_url": "http://food2fork.com/view/47319",
			"title": "Crash Hot Potatoes",
			"source_url": "http://thepioneerwoman.com/cooking/2008/06/crash-hot-potatoes/",
			"recipe_id": "47319",
			"image_url": "http://static.food2fork.com/CrashHotPotatoes5736.jpg",
			"social_rank": 100.0,
			"publisher_url": "http://thepioneerwoman.com"
		},
		{
			"publisher": "Two Peas and Their Pod",
			"f2f_url": "http://food2fork.com/view/54384",
			"title": "Stovetop Avocado Mac and Cheese",
			"source_url": "http://www.twopeasandtheirpod.com/stovetop-avocado-mac-and-cheese/",
			"recipe_id": "54384",
			"image_url": "http://static.food2fork.com/avocadomacandcheesedc99.jpg",
			"social_rank": 100.0,
			"publisher_url": "http://www.twopeasandtheirpod.com"
		},
		{
			"publisher": "Closet Cooking",
			"f2f_url": "http://food2fork.com/view/35171",
			"title": "Buffalo Chicken Grilled Cheese Sandwich",
			"source_url": "http://www.closetcooking.com/2011/08/buffalo-chicken-grilled-cheese-sandwich.html",
			"recipe_id": "35171",
			"image_url": "http://static.food2fork.com/Buffalo2BChicken2BGrilled2BCheese2BSandwich2B5002B4983f2702fe4.jpg",
			"social_rank": 100.0,
			"publisher_url": "http://closetcooking.com"
		},
		{
			"publisher": "The Pioneer Woman",
			"f2f_url": "http://food2fork.com/view/d9a5e8",
			"title": "Cinnamon Rolls",
			"source_url": "http://thepioneerwoman.com/cooking/2007/06/cinammon_rolls_/",
			"recipe_id": "d9a5e8",
			"image_url": "http://static.food2fork.com/333323997_04bd8d6c53da11.jpg",
			"social_rank": 100.0,
			"publisher_url": "http://thepioneerwoman.com"
		},
		{
			"publisher": "101 Cookbooks",
			"f2f_url": "http://food2fork.com/view/47746",
			"title": "Best Pizza Dough Ever",
			"source_url": "http://www.101cookbooks.com/archives/001199.html",
			"recipe_id": "47746",
			"image_url": "http://static.food2fork.com/best_pizza_dough_recipe1b20.jpg",
			"social_rank": 100.0,
			"publisher_url": "http://www.101cookbooks.com"
		},
		{
			"publisher": "101 Cookbooks",
			"f2f_url": "http://food2fork.com/view/47899",
			"title": "Magic Sauce",
			"source_url": "http://www.101cookbooks.com/archives/magic-sauce-recipe.html",
			"recipe_id": "47899",
			"image_url": "http://static.food2fork.com/magic_sauce_recipeece9.jpg",
			"social_rank": 100.0,
			"publisher_url": "http://www.101cookbooks.com"
		},
		{
			"publisher": "The Pioneer Woman",
			"f2f_url": "http://food2fork.com/view/47042",
			"title": "Spicy Dr. Pepper Shredded Pork",
			"source_url": "http://thepioneerwoman.com/cooking/2011/03/spicy-dr-pepper-shredded-pork/",
			"recipe_id": "47042",
			"image_url": "http://static.food2fork.com/5551711173_dc42f7fc4b_zbd8a.jpg",
			"social_rank": 100.0,
			"publisher_url": "http://thepioneerwoman.com"
		},
		{
			"publisher": "Whats Gaby Cooking",
			"f2f_url": "http://food2fork.com/view/713134",
			"title": "Parmesan Roasted Potatoes",
			"source_url": "http://whatsgabycooking.com/parmesan-roasted-potatoes/",
			"recipe_id": "713134",
			"image_url": "http://static.food2fork.com/ParmesanRoastedPotatoes11985a.jpg",
			"social_rank": 100.0,
			"publisher_url": "http://whatsgabycooking.com"
		},
		{
			"publisher": "Closet Cooking",
			"f2f_url": "http://food2fork.com/view/35120",
			"title": "Bacon Wrapped Jalapeno Popper Stuffed Chicken",
			"source_url": "http://www.closetcooking.com/2012/11/bacon-wrapped-jalapeno-popper-stuffed.html",
			"recipe_id": "35120",
			"image_url": "http://static.food2fork.com/Bacon2BWrapped2BJalapeno2BPopper2BStuffed2BChicken2B5002B5909939b0e65.jpg",
			"social_rank": 100.0,
			"publisher_url": "http://closetcooking.com"
		},
		{
			"publisher": "My Baking Addiction",
			"f2f_url": "http://food2fork.com/view/035865",
			"title": "The Best Chocolate Cake",
			"source_url": "http://www.mybakingaddiction.com/the-best-chocolate-cake-recipe/",
			"recipe_id": "035865",
			"image_url": "http://static.food2fork.com/BlackMagicCakeSlice1of18c68.jpg",
			"social_rank": 100.0,
			"publisher_url": "http://www.mybakingaddiction.com"
		},
		{
			"publisher": "Closet Cooking",
			"f2f_url": "http://food2fork.com/view/35368",
			"title": "Hot Spinach and Artichoke Dip",
			"source_url": "http://www.closetcooking.com/2008/11/hot-spinach-and-artichoke-dip.html",
			"recipe_id": "35368",
			"image_url": "http://static.food2fork.com/HotSpinachandArtichokeDip5007579cdf5.jpg",
			"social_rank": 100.0,
			"publisher_url": "http://closetcooking.com"
		},
		{
			"publisher": "Two Peas and Their Pod",
			"f2f_url": "http://food2fork.com/view/54400",
			"title": "Smashed Chickpea & Avocado Salad Sandwich",
			"source_url": "http://www.twopeasandtheirpod.com/smashed-chickpea-avocado-salad-sandwich/",
			"recipe_id": "54400",
			"image_url": "http://static.food2fork.com/smashedchickpeaavocadosaladsandwich29c5b.jpg",
			"social_rank": 100.0,
			"publisher_url": "http://www.twopeasandtheirpod.com"
		},
		{
			"publisher": "The Pioneer Woman",
			"f2f_url": "http://food2fork.com/view/47166",
			"title": "Restaurant Style Salsa",
			"source_url": "http://thepioneerwoman.com/cooking/2010/01/restaurant-style-salsa/",
			"recipe_id": "47166",
			"image_url": "http://static.food2fork.com/4307514771_c089bbd71017f42.jpg",
			"social_rank": 100.0,
			"publisher_url": "http://thepioneerwoman.com"
		},
		{
			"publisher": "The Pioneer Woman",
			"f2f_url": "http://food2fork.com/view/8f3e73",
			"title": "The Best Lasagna Ever",
			"source_url": "http://thepioneerwoman.com/cooking/2007/06/the_best_lasagn/",
			"recipe_id": "8f3e73",
			"image_url": "http://static.food2fork.com/387114468_aafd1be3404a2f.jpg",
			"social_rank": 100.0,
			"publisher_url": "http://thepioneerwoman.com"
		},
		{
			"publisher": "My Baking Addiction",
			"f2f_url": "http://food2fork.com/view/e7fdb2",
			"title": "Mac and Cheese with Roasted Chicken, Goat Cheese, and Rosemary",
			"source_url": "http://www.mybakingaddiction.com/mac-and-cheese-roasted-chicken-and-goat-cheese/",
			"recipe_id": "e7fdb2",
			"image_url": "http://static.food2fork.com/MacandCheese1122b.jpg",
			"social_rank": 100.0,
			"publisher_url": "http://www.mybakingaddiction.com"
		},
		{
			"publisher": "Closet Cooking",
			"f2f_url": "http://food2fork.com/view/35354",
			"title": "Guinness Chocolate Cheesecake",
			"source_url": "http://www.closetcooking.com/2011/03/guinness-chocolate-cheesecake.html",
			"recipe_id": "35354",
			"image_url": "http://static.food2fork.com/Guinness2BChocolate2BCheesecake2B12B5002af4b6b4.jpg",
			"social_rank": 100.0,
			"publisher_url": "http://closetcooking.com"
		},
		{
			"publisher": "Simply Recipes",
			"f2f_url": "http://food2fork.com/view/35760",
			"title": "Banana Bread",
			"source_url": "http://www.simplyrecipes.com/recipes/banana_bread/",
			"recipe_id": "35760",
			"image_url": "http://static.food2fork.com/banana_bread300x2000a14c8c5.jpeg",
			"social_rank": 100.0,
			"publisher_url": "http://simplyrecipes.com"
		},
		{
			"publisher": "All Recipes",
			"f2f_url": "http://food2fork.com/view/32478",
			"title": "The Best Rolled Sugar Cookies",
			"source_url": "http://allrecipes.com/Recipe/The-Best-Rolled-Sugar-Cookies/Detail.aspx",
			"recipe_id": "32478",
			"image_url": "http://static.food2fork.com/9956913c10.jpg",
			"social_rank": 100.0,
			"publisher_url": "http://allrecipes.com"
		},
		{
			"publisher": "Two Peas and Their Pod",
			"f2f_url": "http://food2fork.com/view/54427",
			"title": "Guacamole Grilled Cheese Sandwich",
			"source_url": "http://www.twopeasandtheirpod.com/guacamole-grilled-cheese-sandwich/",
			"recipe_id": "54427",
			"image_url": "http://static.food2fork.com/GuacamoleGrilledCheese6019.jpg",
			"social_rank": 100.0,
			"publisher_url": "http://www.twopeasandtheirpod.com"
		},
		{
			"publisher": "Two Peas and Their Pod",
			"f2f_url": "http://food2fork.com/view/54489",
			"title": "Two-Ingredient Banana Peanut Butter Ice Cream",
			"source_url": "http://www.twopeasandtheirpod.com/two-ingredient-banana-peanut-butter-ice-cream/",
			"recipe_id": "54489",
			"image_url": "http://static.food2fork.com/bananapeanutbuttericecream5c16d.jpg",
			"social_rank": 100.0,
			"publisher_url": "http://www.twopeasandtheirpod.com"
		},
		{
			"publisher": "Simply Recipes",
			"f2f_url": "http://food2fork.com/view/36259",
			"title": "Easy Shepherd&#8217;s Pie",
			"source_url": "http://www.simplyrecipes.com/recipes/easy_shepherds_pie/",
			"recipe_id": "36259",
			"image_url": "http://static.food2fork.com/shepherdspie300x2003d240a98.jpg",
			"social_rank": 100.0,
			"publisher_url": "http://simplyrecipes.com"
		},
		{
			"publisher": "Closet Cooking",
			"f2f_url": "http://food2fork.com/view/35169",
			"title": "Buffalo Chicken Chowder",
			"source_url": "http://www.closetcooking.com/2011/11/buffalo-chicken-chowder.html",
			"recipe_id": "35169",
			"image_url": "http://static.food2fork.com/Buffalo2BChicken2BChowder2B5002B0075c131caa8.jpg",
			"social_rank": 100.0,
			"publisher_url": "http://closetcooking.com"
		},
		{
			"publisher": "All Recipes",
			"f2f_url": "http://food2fork.com/view/3620",
			"title": "Best Brownies",
			"source_url": "http://allrecipes.com/Recipe/Best-Brownies/Detail.aspx",
			"recipe_id": "3620",
			"image_url": "http://static.food2fork.com/720553ee26.jpg",
			"social_rank": 100.0,
			"publisher_url": "http://allrecipes.com"
		},
		{
			"publisher": "All Recipes",
			"f2f_url": "http://food2fork.com/view/29159",
			"title": "Slow Cooker Chicken Tortilla Soup",
			"source_url": "http://allrecipes.com/Recipe/Slow-Cooker-Chicken-Tortilla-Soup/Detail.aspx",
			"recipe_id": "29159",
			"image_url": "http://static.food2fork.com/19321150c4.jpg",
			"social_rank": 100.0,
			"publisher_url": "http://allrecipes.com"
		},
		{
			"publisher": "All Recipes",
			"f2f_url": "http://food2fork.com/view/2803",
			"title": "Banana Crumb Muffins",
			"source_url": "http://allrecipes.com/Recipe/Banana-Crumb-Muffins/Detail.aspx",
			"recipe_id": "2803",
			"image_url": "http://static.food2fork.com/124030cedd.jpg",
			"social_rank": 100.0,
			"publisher_url": "http://allrecipes.com"
		},
		{
			"publisher": "All Recipes",
			"f2f_url": "http://food2fork.com/view/2734",
			"title": "Banana Banana Bread",
			"source_url": "http://allrecipes.com/Recipe/Banana-Banana-Bread/Detail.aspx",
			"recipe_id": "2734",
			"image_url": "http://static.food2fork.com/254186ea50.jpg",
			"social_rank": 100.0,
			"publisher_url": "http://allrecipes.com"
		},
		{
			"publisher": "101 Cookbooks",
			"f2f_url": "http://food2fork.com/view/47692",
			"title": "Nikki",
			"source_url": "http://www.101cookbooks.com/archives/nikkis-healthy-cookies-recipe.html",
			"recipe_id": "47692",
			"image_url": "http://static.food2fork.com/healthy_cookies4ee3.jpg",
			"social_rank": 100.0,
			"publisher_url": "http://www.101cookbooks.com"
		},
		{
			"publisher": "All Recipes",
			"f2f_url": "http://food2fork.com/view/34889",
			"title": "Zesty Slow Cooker Chicken Barbeque",
			"source_url": "http://allrecipes.com/Recipe/Zesty-Slow-Cooker-Chicken-Barbecue/Detail.aspx",
			"recipe_id": "34889",
			"image_url": "http://static.food2fork.com/4515542dbb.jpg",
			"social_rank": 100.0,
			"publisher_url": "http://allrecipes.com"
		}
	]
}